{
    "Shares": {
        "rsi": {
            "NFLX": 1.656021250156863,
            "UNH": 2.298243020634218,
            "ADBE": 2.3085251746544286,
            "INTU": 2.77064340295753,
            "BRK-B": 2.9716357827045203,
            "CI": 3.3186758483365137,
            "META": 3.363458723600774,
            "CRM": 4.087521917508823,
            "MSFT": 5.462809179518295,
            "AMZN": 6.473834685184426,
            "NVDA": 9.336327023972286,
            "GOOGL": 9.390054789170087,
            "ORCL": 12.096139856006083,
            "AAPL": 12.320354116183998,
            "CSCO": 13.818071372670609,
            "TSLA": 29.690858366788273,
            "AMD": 31.05782880311389
        },
        "ma": {
            "ADBE": 0.3389401449953475,
            "NFLX": 0.6393590238070405,
            "META": 0.8994003867817353,
            "NVDA": 1.4683545255334616,
            "MSFT": 5.346869726791224,
            "CRM": 6.170439813971424,
            "TSLA": 17.574152575495425,
            "AMZN": 47.02355902039177,
            "AAPL": 60.90929884564341,
            "AMD": 72.89097956035808
        },
        "macd": {
            "NFLX": 1.4861933104084264,
            "UNH": 2.2738123941289063,
            "ADBE": 2.2747797766663034,
            "INTU": 2.75249298412697,
            "META": 2.83733008555094,
            "BRK-B": 3.0804109417478904,
            "CI": 3.3984361116360957,
            "CRM": 3.985063963724389,
            "MSFT": 5.579391941714425,
            "AMZN": 6.488974968053288,
            "NVDA": 9.437434250556535,
            "GOOGL": 9.767942869756064,
            "ORCL": 12.096139856006083,
            "AAPL": 12.297816097593762,
            "CSCO": 14.07935163485772,
            "TSLA": 27.67124424510184,
            "AMD": 36.15459603979019
        },
        "nike": {
            "INTU": 47.100937850278015
        },
        "rk": {
            "BRK-B": 0.2653011008564298,
            "UNH": 0.31686382786194284,
            "CI": 1.2398593611010138,
            "INTU": 1.6248271840355364,
            "CSCO": 3.17459502182483,
            "ADBE": 9.20387846617902,
            "ORCL": 11.553548598418907,
            "GOOGL": 15.09591170780339,
            "CRM": 26.08882103321729,
            "AAPL": 30.75189412419354
        },
        "iman": {
            "NFLX": 2.526528627694325,
            "ADBE": 3.867125620332716,
            "INTU": 4.679238073015849,
            "META": 4.823461145436598,
            "BRK-B": 5.236698600971414,
            "CI": 5.777341389781363,
            "CRM": 6.7746087383314615,
            "AAPL": 20.906287365909396,
            "CSCO": 23.934897779258122,
            "AMD": 61.46281326764333
        },
        "diwi": {
            "NFLX": 2.526528627694325,
            "UNH": 3.865481070019141,
            "ADBE": 3.867125620332716,
            "INTU": 4.679238073015849,
            "META": 4.823461145436598,
            "CI": 5.777341389781363,
            "AMZN": 11.031257445690589,
            "NVDA": 16.04363822594611,
            "TSLA": 47.04111521667313,
            "AMD": 61.46281326764333
        }
    },
    "rsi": 317.09090810438533,
    "ma": 348.5292619810761,
    "macd": 316.37525157349677,
    "nike": 218.4070545613654,
    "rk": 208.01032828095876,
    "iman": 236.18404360298672,
    "diwi": 378.46822951901066
}