{"Shares": {"rsi": {"BRK-B": 4.041424664478147, "CI": 4.513399153737659, "AMZN": 8.804415171850819, "ADBE": 10.203681271972574, "AMD": 63.35797075835233, "AAPL": 79.58948759054863}, "ma": {"NFLX": 2.383364092450277, "MSFT": 7.613246917203356, "META": 8.137248186524959, "ADBE": 10.75046489305094, "TSLA": 40.48856131419781, "NVDA": 110.13695098181539}, "macd": {"BRK-B": 4.189358880777131, "CI": 4.62187311182509, "AMZN": 8.825005956552472, "ADBE": 10.054526612865061, "AMD": 73.75537592117199, "AAPL": 79.4438919904557}, "diwi": {"ADBE": 3.0937004962661727, "META": 5.788153374523917, "NFLX": 6.568974432005245, "NVDA": 12.834910580756889, "AMD": 49.170250614114664, "TSLA": 178.75623782335788}, "iman": {"AMD": -58.51772651541906, "NFLX": 1.1723893655804658, "CRM": 2.6083783715020856, "INTU": 3.902900704334076, "ADBE": 4.248159125958645, "META": 5.320571406121542, "CI": 7.468362789982726, "NVDA": 7.820340800644517, "TSLA": 12.099373237878396, "BRK-B": 15.737438239520246, "AAPL": 17.86007355364574, "CSCO": 28.015443953667702}, "kelly": {"ADBE": 2.475656048852946, "CI": 2.91067855193742, "CRM": 3.807891855871293, "INTU": 5.743444741434536, "BRK-B": 11.334824757643549, "CSCO": 15.89509239022452}}, "rsi": 309.65547818707256, "ma": 690.6078829717484, "macd": 321.0432832059513, "iman": 190.275570014809, "diwi": 653.2271374467446, "kelly": 105.95857525899119}