{
    "Shares": {
        "rsi": {
            "AAPL": 79.58948759054863,
            "ADBE": 10.203681271972574,
            "AMD": 63.35797075835233,
            "AMZN": 8.804415171850819,
            "BRK-B": 4.041424664478147,
            "CI": 4.513399153737659
        },
        "ma": {
            "NVDA": 110.13695098181539,
            "ADBE": 10.75046489305094,
            "META": 8.137248186524959,
            "NFLX": 2.383364092450277,
            "TSLA": 40.48856131419781,
            "MSFT": 7.613246917203356
        },
        "macd": {
            "AAPL": 79.4438919904557,
            "ADBE": 10.054526612865061,
            "AMD": 73.75537592117199,
            "AMZN": 8.825005956552472,
            "BRK-B": 4.189358880777131,
            "CI": 4.62187311182509
        },
        "nike": {
            "CRM": 26.115044625484327,
            "GOOGL": 41.51663477980829,
            "UNH": 4.609003178348037,
            "AMD": 41.97271890954094
        },
        "rk": {
            "BRK-B": 19.89945468369137,
            "CSCO": 62.23073422607112,
            "CI": 6.932809667737636,
            "INTU": 3.743390458412679,
            "ORCL": 16.450750204168273,
            "UNH": 3.092384856015313
        },
        "diwi": {
            "ADBE": 3.0937004962661727,
            "META": 5.788153374523917,
            "NFLX": 6.568974432005245,
            "NVDA": 12.834910580756889,
            "AMD": 49.170250614114664,
            "TSLA": 178.75623782335788
        },
        "iman": {
            "ADBE": 3.0937004962661727,
            "INTU": 3.743390458412679,
            "CI": 4.62187311182509,
            "BRK-B": 19.89945468369137,
            "CSCO": 28.721877335109745,
            "AAPL": 54.356347151364425
        }
    },
    "rsi": 309.65547818707256,
    "ma": 690.6078829717484,
    "macd": 321.0432832059513,
    "nike": 174.44987549708551,
    "rk": 170.86697597884907,
    "iman": 231.52692790284746,
    "diwi": 653.2271374467446
}